지역코드,지역,업종,대분류,중분류,당월_매출_금액,시간대_00~06_매출_금액,시간대_06~11_매출_금액,시간대_11~14_매출_금액,시간대_14~17_매출_금액,시간대_17~21_매출_금액,시간대_21~24_매출_금액,연령대_10_매출_금액,연령대_20_매출_금액,연령대_30_매출_금액,연령대_40_매출_금액,연령대_50_매출_금액,연령대_60_이상_매출_금액,전체_점포_수,폐업_률,폐업_점포_수
3110296,성신여대입구역 4번,커피-음료,음식·카페,카페·베이커리,1534053549.0,0.0,186397566.0,431807513.0,389988538.0,417769136.0,108090796.0,18688788.0,430665052.0,306503200.0,295332993.0,291106456.0,189439081.0,9,11,1
3110296,성신여대입구역 4번,일반교습학원,교육,일반교육,980458364.0,2246398.0,78367323.0,133202093.0,411302233.0,285812790.0,69527527.0,0.0,0.0,72569471.0,679932958.0,227955935.0,0.0,27,11,3
3110296,성신여대입구역 4번,한식음식점,음식·카페,일반음식점,329971360.0,0.0,157950.0,163919065.0,45756134.0,114156389.0,5981822.0,462845.0,21120030.0,36744361.0,68695572.0,109293276.0,75140124.0,8,25,2
3110296,성신여대입구역 4번,슈퍼마켓,쇼핑·소매,식품판매,172975988.0,0.0,23271707.0,66322993.0,58017825.0,25289945.0,73518.0,0.0,1616642.0,6731267.0,20456340.0,48182660.0,94245811.0,4,0,0
3110296,성신여대입구역 4번,미용실,뷰티·헬스,헤어·네일,116121247.0,0.0,736884.0,44028617.0,37285261.0,33673540.0,396945.0,0.0,5156602.0,25026456.0,23322735.0,44352114.0,17534637.0,9,0,0
3110296,성신여대입구역 4번,예술학원,교육,예체능교육,89693272.0,0.0,4245880.0,15148982.0,43390952.0,22908975.0,3998483.0,0.0,0.0,24787987.0,49875116.0,8995743.0,6034426.0,10,0,0
3110296,성신여대입구역 4번,분식전문점,음식·카페,일반음식점,44836929.0,0.0,4193708.0,16537473.0,10069319.0,13999464.0,36965.0,344542.0,2082087.0,5253382.0,9678881.0,15785281.0,7974975.0,4,0,0
3110296,성신여대입구역 4번,일반의류,쇼핑·소매,패션·잡화,36439158.0,0.0,0.0,1363542.0,33726427.0,1349189.0,0.0,0.0,0.0,215296.0,423416.0,25098339.0,10702107.0,12,8,1
3110296,성신여대입구역 4번,스포츠 강습,뷰티·헬스,운동,29013419.0,0.0,0.0,4874608.0,9796151.0,12660120.0,1682540.0,0.0,0.0,5332418.0,14277805.0,9403196.0,0.0,5,0,0
3110296,성신여대입구역 4번,피부관리실,뷰티·헬스,피부·뷰티,10987816.0,0.0,0.0,592628.0,9782347.0,612841.0,0.0,0.0,1030091.0,957725.0,0.0,9000000.0,0.0,7,0,0
3110296,성신여대입구역 4번,반찬가게,쇼핑·소매,식품판매,8176370.0,0.0,68493.0,1729452.0,2161815.0,4216610.0,0.0,0.0,51370.0,1194349.0,2769693.0,1806507.0,2354451.0,3,0,0
3110296,성신여대입구역 4번,전자상거래업,쇼핑·소매,전자·통신,,,,,,,,,,,,,,3,33,1
3110296,성신여대입구역 4번,예술품,쇼핑·소매,취미·문화,,,,,,,,,,,,,,1,0,0
3110296,성신여대입구역 4번,조명용품,쇼핑·소매,생활용품,,,,,,,,,,,,,,2,0,0
3110296,성신여대입구역 4번,인테리어,쇼핑·소매,생활용품,,,,,,,,,,,,,,2,0,0
3110296,성신여대입구역 4번,철물점,쇼핑·소매,생활용품,,,,,,,,,,,,,,1,0,0
3110296,성신여대입구역 4번,가구,쇼핑·소매,생활용품,,,,,,,,,,,,,,1,0,0
3110296,성신여대입구역 4번,화초,쇼핑·소매,생활용품,,,,,,,,,,,,,,1,0,0
3110296,성신여대입구역 4번,화장품,쇼핑·소매,생활용품,,,,,,,,,,,,,,4,0,0
3110296,성신여대입구역 4번,의약품,의료,의료용품,,,,,,,,,,,,,,1,0,0
3110296,성신여대입구역 4번,육류판매,쇼핑·소매,식품판매,,,,,,,,,,,,,,1,0,0
3110296,성신여대입구역 4번,핸드폰,쇼핑·소매,전자·통신,,,,,,,,,,,,,,1,0,0
3110296,성신여대입구역 4번,편의점,쇼핑·소매,식품판매,,,,,,,,,,,,,,1,0,0
3110296,성신여대입구역 4번,가정용품임대,생활서비스,임대·대여,,,,,,,,,,,,,,1,0,0
3110296,성신여대입구역 4번,독서실,여가·엔터테인먼트,학습공간,,,,,,,,,,,,,,1,100,1
3110296,성신여대입구역 4번,여관,숙박·여행,숙박업,,,,,,,,,,,,,,1,0,0
3110296,성신여대입구역 4번,부동산중개업,생활서비스,부동산,,,,,,,,,,,,,,8,0,0
3110296,성신여대입구역 4번,네일숍,뷰티·헬스,헤어·네일,,,,,,,,,,,,,,6,0,0
3110296,성신여대입구역 4번,자동차수리,자동차·운송,자동차,,,,,,,,,,,,,,2,0,0
3110296,성신여대입구역 4번,한의원,의료,한방,,,,,,,,,,,,,,2,0,0
3110296,성신여대입구역 4번,외국어학원,교육,외국어교육,,,,,,,,,,,,,,1,0,0
3110296,성신여대입구역 4번,호프-간이주점,음식·카페,주점,,,,,,,,,,,,,,2,0,0
3110296,성신여대입구역 4번,치킨전문점,음식·카페,일반음식점,,,,,,,,,,,,,,1,0,0
3110296,성신여대입구역 4번,패스트푸드점,음식·카페,일반음식점,,,,,,,,,,,,,,2,100,2
3110296,성신여대입구역 4번,제과점,음식·카페,카페·베이커리,,,,,,,,,,,,,,3,0,0
3110296,성신여대입구역 4번,양식음식점,음식·카페,일반음식점,,,,,,,,,,,,,,1,0,0
3110300,삼선동주민센터,한식음식점,음식·카페,일반음식점,1889993494.0,156673361.0,54358282.0,293743272.0,121918177.0,787703846.0,475596556.0,7329365.0,446200639.0,464775575.0,314994879.0,364308336.0,204491973.0,35,11,4
3110300,삼선동주민센터,커피-음료,음식·카페,카페·베이커리,826036083.0,0.0,117471588.0,301004496.0,207673466.0,177554034.0,22332499.0,16945557.0,175924695.0,192950446.0,146354876.0,209725717.0,79573307.0,26,0,0
3110300,삼선동주민센터,호프-간이주점,음식·카페,주점,176702976.0,48589000.0,0.0,427612.0,1247429.0,44742853.0,81696082.0,240691.0,33488744.0,37951318.0,42232198.0,46146894.0,16643131.0,11,0,0
3110300,삼선동주민센터,화초,쇼핑·소매,생활용품,136611385.0,0.0,27855485.0,45226757.0,49624625.0,13904518.0,0.0,0.0,2831451.0,23049461.0,14409730.0,23500533.0,10153284.0,4,0,0
3110300,삼선동주민센터,미용실,뷰티·헬스,헤어·네일,135305005.0,0.0,1807910.0,40092301.0,47693604.0,43952602.0,1758588.0,0.0,23634126.0,34440497.0,18069801.0,44771412.0,14389169.0,16,0,0
3110300,삼선동주민센터,슈퍼마켓,쇼핑·소매,식품판매,102107746.0,0.0,12837043.0,18741059.0,16310482.0,38247991.0,15971171.0,0.0,9469372.0,6119755.0,29978941.0,15365649.0,37153538.0,7,0,0
3110300,삼선동주민센터,일식음식점,음식·카페,일반음식점,70718338.0,19461244.0,0.0,0.0,0.0,11465714.0,39791380.0,571725.0,24432038.0,19303836.0,11021910.0,8768454.0,540285.0,3,33,1
3110300,삼선동주민센터,일반의류,쇼핑·소매,패션·잡화,29955767.0,0.0,0.0,463582.0,3801369.0,25690816.0,0.0,0.0,20313270.0,0.0,463582.0,0.0,9178915.0,14,0,0
3110300,삼선동주민센터,세탁소,생활서비스,세탁·수선,23647838.0,0.0,1252174.0,1469416.0,8002989.0,11723259.0,1200000.0,0.0,1565217.0,7381083.0,6172582.0,4559418.0,3969538.0,8,0,0
3110300,삼선동주민센터,노래방,여가·엔터테인먼트,오락시설,21582629.0,12321040.0,1130820.0,0.0,0.0,660975.0,7469794.0,0.0,594693.0,656184.0,10096621.0,3808327.0,6061858.0,3,0,0
3110300,삼선동주민센터,분식전문점,음식·카페,일반음식점,19976045.0,0.0,508516.0,10864334.0,2638526.0,5964669.0,0.0,54370.0,2803050.0,4273680.0,5572146.0,3412798.0,2599904.0,5,0,0
3110300,삼선동주민센터,양식음식점,음식·카페,일반음식점,14576844.0,2588874.0,0.0,0.0,0.0,4116914.0,7871056.0,0.0,4586036.0,3828381.0,2034543.0,3554773.0,573111.0,6,17,1
3110300,삼선동주민센터,일반교습학원,교육,일반교육,10674467.0,0.0,0.0,0.0,10674467.0,0.0,0.0,0.0,0.0,0.0,10674467.0,0.0,0.0,6,0,0
3110300,삼선동주민센터,네일숍,뷰티·헬스,헤어·네일,3270629.0,0.0,320650.0,1090209.0,160325.0,1699445.0,0.0,0.0,160325.0,2693459.0,192390.0,224455.0,0.0,5,0,0
3110300,삼선동주민센터,전자상거래업,쇼핑·소매,전자·통신,,,,,,,,,,,,,,16,0,0
3110300,삼선동주민센터,재생용품 판매점,쇼핑·소매,취미·문화,,,,,,,,,,,,,,1,0,0
3110300,삼선동주민센터,모터사이클및부품,자동차·운송,모터사이클,,,,,,,,,,,,,,4,0,0
3110300,삼선동주민센터,조명용품,쇼핑·소매,생활용품,,,,,,,,,,,,,,1,0,0
3110300,삼선동주민센터,인테리어,쇼핑·소매,생활용품,,,,,,,,,,,,,,2,0,0
3110300,삼선동주민센터,철물점,쇼핑·소매,생활용품,,,,,,,,,,,,,,1,0,0
3110300,삼선동주민센터,애완동물,쇼핑·소매,취미·문화,,,,,,,,,,,,,,1,0,0
3110300,삼선동주민센터,섬유제품,쇼핑·소매,패션·잡화,,,,,,,,,,,,,,2,0,0
3110300,삼선동주민센터,완구,쇼핑·소매,취미·문화,,,,,,,,,,,,,,2,0,0
3110300,삼선동주민센터,화장품,쇼핑·소매,생활용품,,,,,,,,,,,,,,4,0,0
3110300,삼선동주민센터,문구,쇼핑·소매,생활용품,,,,,,,,,,,,,,3,0,0
3110300,삼선동주민센터,서적,쇼핑·소매,취미·문화,,,,,,,,,,,,,,4,0,0
3110300,삼선동주민센터,의약품,의료,의료용품,,,,,,,,,,,,,,1,0,0
3110300,삼선동주민센터,시계및귀금속,쇼핑·소매,패션·잡화,,,,,,,,,,,,,,1,0,0
3110300,삼선동주민센터,안경,의료,의료용품,,,,,,,,,,,,,,1,0,0
3110300,삼선동주민센터,가방,쇼핑·소매,패션·잡화,,,,,,,,,,,,,,3,0,0
3110300,삼선동주민센터,신발,쇼핑·소매,패션·잡화,,,,,,,,,,,,,,1,0,0
3110300,삼선동주민센터,반찬가게,쇼핑·소매,식품판매,,,,,,,,,,,,,,2,0,0
3110300,삼선동주민센터,육류판매,쇼핑·소매,식품판매,,,,,,,,,,,,,,2,0,0
3110300,삼선동주민센터,주류도매,쇼핑·소매,식품판매,,,,,,,,,,,,,,1,0,0
3110300,삼선동주민센터,컴퓨터및주변장치판매,쇼핑·소매,전자·통신,,,,,,,,,,,,,,3,0,0
3110300,삼선동주민센터,편의점,쇼핑·소매,식품판매,,,,,,,,,,,,,,2,0,0
3110300,삼선동주민센터,여행사,숙박·여행,여행업,,,,,,,,,,,,,,2,0,0
3110300,삼선동주민센터,건축물청소,전문서비스,건물관리,,,,,,,,,,,,,,1,0,0
3110300,삼선동주민센터,통번역서비스,전문서비스,번역·사무,,,,,,,,,,,,,,1,0,0
3110300,삼선동주민센터,사진관,생활서비스,기타생활서비스,,,,,,,,,,,,,,3,0,0
3110300,삼선동주민센터,독서실,여가·엔터테인먼트,학습공간,,,,,,,,,,,,,,1,0,0
3110300,삼선동주민센터,여관,숙박·여행,숙박업,,,,,,,,,,,,,,2,0,0
3110300,삼선동주민센터,부동산중개업,생활서비스,부동산,,,,,,,,,,,,,,18,0,0
3110300,삼선동주민센터,피부관리실,뷰티·헬스,피부·뷰티,,,,,,,,,,,,,,5,0,0
3110300,삼선동주민센터,모터사이클수리,자동차·운송,모터사이클,,,,,,,,,,,,,,1,0,0
3110300,삼선동주민센터,자동차수리,자동차·운송,자동차,,,,,,,,,,,,,,1,0,0
3110300,삼선동주민센터,스포츠클럽,뷰티·헬스,운동,,,,,,,,,,,,,,2,0,0
3110300,삼선동주민센터,복권방,여가·엔터테인먼트,오락시설,,,,,,,,,,,,,,2,0,0
3110300,삼선동주민센터,기타오락장,여가·엔터테인먼트,오락시설,,,,,,,,,,,,,,1,0,0
3110300,삼선동주민센터,일반의원,의료,병원,,,,,,,,,,,,,,0,0,1
3110300,삼선동주민센터,스포츠 강습,뷰티·헬스,운동,,,,,,,,,,,,,,9,0,0
3110300,삼선동주민센터,예술학원,교육,예체능교육,,,,,,,,,,,,,,2,0,0
3110300,삼선동주민센터,외국어학원,교육,외국어교육,,,,,,,,,,,,,,1,0,0
3110300,삼선동주민센터,치킨전문점,음식·카페,일반음식점,,,,,,,,,,,,,,6,0,0
3110300,삼선동주민센터,패스트푸드점,음식·카페,일반음식점,,,,,,,,,,,,,,5,0,0
3110300,삼선동주민센터,제과점,음식·카페,카페·베이커리,,,,,,,,,,,,,,4,0,0
3110300,삼선동주민센터,중식음식점,음식·카페,일반음식점,,,,,,,,,,,,,,1,0,0
3110301,성신여대입구역 7번,한식음식점,음식·카페,일반음식점,787688403.0,20420013.0,21244319.0,276112890.0,102482991.0,293658832.0,73769358.0,1857390.0,88074715.0,128622180.0,131681330.0,211682063.0,166450939.0,14,0,0
3110301,성신여대입구역 7번,슈퍼마켓,쇼핑·소매,식품판매,674371584.0,45686213.0,83204742.0,99902128.0,110125063.0,208746225.0,126707213.0,5264571.0,75493509.0,144102031.0,151861165.0,164625742.0,133024566.0,7,0,0
3110301,성신여대입구역 7번,서적,쇼핑·소매,취미·문화,109335229.0,0.0,427701.0,27512216.0,17132061.0,64263251.0,0.0,12903109.0,15445286.0,24482268.0,16226202.0,40110167.0,168197.0,4,0,0
3110301,성신여대입구역 7번,호프-간이주점,음식·카페,주점,99661638.0,5388194.0,0.0,12199336.0,3814115.0,32076910.0,46183083.0,157969.0,3365063.0,8665354.0,15221563.0,39723220.0,21045762.0,7,0,0
3110301,성신여대입구역 7번,일반의류,쇼핑·소매,패션·잡화,26602233.0,0.0,0.0,0.0,892692.0,25709541.0,0.0,0.0,0.0,0.0,6963000.0,0.0,19639233.0,8,0,0
3110301,성신여대입구역 7번,커피-음료,음식·카페,카페·베이커리,13578504.0,0.0,1945426.0,5891267.0,3719104.0,1991194.0,31513.0,0.0,797800.0,3001323.0,3759808.0,2329550.0,3393797.0,4,0,0
3110301,성신여대입구역 7번,세탁소,생활서비스,세탁·수선,5062010.0,0.0,1428989.0,775044.0,920365.0,1211008.0,726604.0,0.0,0.0,217981.0,1186788.0,484402.0,3172839.0,3,0,0
3110301,성신여대입구역 7번,분식전문점,음식·카페,일반음식점,3093253.0,0.0,104194.0,1178692.0,444994.0,1365373.0,0.0,0.0,132413.0,186680.0,894329.0,657723.0,1222108.0,3,0,0
3110301,성신여대입구역 7번,전자상거래업,쇼핑·소매,전자·통신,,,,,,,,,,,,,,12,17,2
3110301,성신여대입구역 7번,예술품,쇼핑·소매,취미·문화,,,,,,,,,,,,,,1,0,0
3110301,성신여대입구역 7번,자동차부품,자동차·운송,자동차,,,,,,,,,,,,,,1,0,0
3110301,성신여대입구역 7번,인테리어,쇼핑·소매,생활용품,,,,,,,,,,,,,,1,0,0
3110301,성신여대입구역 7번,애완동물,쇼핑·소매,취미·문화,,,,,,,,,,,,,,3,0,0
3110301,성신여대입구역 7번,미용재료,뷰티·헬스,피부·뷰티,,,,,,,,,,,,,,1,0,0
3110301,성신여대입구역 7번,화장품,쇼핑·소매,생활용품,,,,,,,,,,,,,,3,0,0
3110301,성신여대입구역 7번,의약품,의료,의료용품,,,,,,,,,,,,,,1,0,0
3110301,성신여대입구역 7번,가방,쇼핑·소매,패션·잡화,,,,,,,,,,,,,,1,0,0
3110301,성신여대입구역 7번,반찬가게,쇼핑·소매,식품판매,,,,,,,,,,,,,,1,0,0
3110301,성신여대입구역 7번,청과상,쇼핑·소매,식품판매,,,,,,,,,,,,,,1,0,0
3110301,성신여대입구역 7번,미곡판매,쇼핑·소매,식품판매,,,,,,,,,,,,,,1,0,0
3110301,성신여대입구역 7번,핸드폰,쇼핑·소매,전자·통신,,,,,,,,,,,,,,1,0,0
3110301,성신여대입구역 7번,컴퓨터및주변장치판매,쇼핑·소매,전자·통신,,,,,,,,,,,,,,1,0,0
3110301,성신여대입구역 7번,편의점,쇼핑·소매,식품판매,,,,,,,,,,,,,,2,0,0
3110301,성신여대입구역 7번,가정용품임대,생활서비스,임대·대여,,,,,,,,,,,,,,1,0,0
3110301,성신여대입구역 7번,여행사,숙박·여행,여행업,,,,,,,,,,,,,,1,0,0
3110301,성신여대입구역 7번,통번역서비스,전문서비스,번역·사무,,,,,,,,,,,,,,1,0,0
3110301,성신여대입구역 7번,사진관,생활서비스,기타생활서비스,,,,,,,,,,,,,,5,0,0
3110301,성신여대입구역 7번,게스트하우스,숙박·여행,숙박업,,,,,,,,,,,,,,1,0,0
3110301,성신여대입구역 7번,여관,숙박·여행,숙박업,,,,,,,,,,,,,,2,0,0
3110301,성신여대입구역 7번,부동산중개업,생활서비스,부동산,,,,,,,,,,,,,,8,0,0
3110301,성신여대입구역 7번,가전제품수리,생활서비스,세탁·수선,,,,,,,,,,,,,,1,0,0
3110301,성신여대입구역 7번,피부관리실,뷰티·헬스,피부·뷰티,,,,,,,,,,,,,,10,0,0
3110301,성신여대입구역 7번,네일숍,뷰티·헬스,헤어·네일,,,,,,,,,,,,,,4,0,0
3110301,성신여대입구역 7번,미용실,뷰티·헬스,헤어·네일,,,,,,,,,,,,,,5,0,0
3110301,성신여대입구역 7번,기타오락장,여가·엔터테인먼트,오락시설,,,,,,,,,,,,,,1,0,0
3110301,성신여대입구역 7번,당구장,여가·엔터테인먼트,오락시설,,,,,,,,,,,,,,2,0,0
3110301,성신여대입구역 7번,한의원,의료,한방,,,,,,,,,,,,,,1,0,0
3110301,성신여대입구역 7번,스포츠 강습,뷰티·헬스,운동,,,,,,,,,,,,,,2,0,0
3110301,성신여대입구역 7번,일반교습학원,교육,일반교육,,,,,,,,,,,,,,4,0,0
3110301,성신여대입구역 7번,치킨전문점,음식·카페,일반음식점,,,,,,,,,,,,,,1,0,0
3110301,성신여대입구역 7번,패스트푸드점,음식·카페,일반음식점,,,,,,,,,,,,,,1,0,0
3110301,성신여대입구역 7번,제과점,음식·카페,카페·베이커리,,,,,,,,,,,,,,3,0,0
3110301,성신여대입구역 7번,양식음식점,음식·카페,일반음식점,,,,,,,,,,,,,,1,0,0
3110302,보문역 8번,한식음식점,음식·카페,일반음식점,512673659.0,1642801.0,1165672.0,124286965.0,53798013.0,243718364.0,88061844.0,3325834.0,45712850.0,91797960.0,94359132.0,133861149.0,110685684.0,7,14,1
3110302,보문역 8번,호프-간이주점,음식·카페,주점,404681616.0,20844726.0,0.0,0.0,9508275.0,196677102.0,177651513.0,408638.0,100919216.0,95468933.0,68934407.0,88235480.0,39619933.0,3,0,0
3110302,보문역 8번,예술학원,교육,예체능교육,342500293.0,0.0,0.0,0.0,100052444.0,203482835.0,38965014.0,0.0,129225042.0,46035345.0,110045890.0,53612974.0,3581042.0,4,0,0
3110302,보문역 8번,일반의원,의료,병원,329083247.0,0.0,121744875.0,90520212.0,95461157.0,21357003.0,0.0,158200.0,12473598.0,32346112.0,55114786.0,118940711.0,110049840.0,3,0,0
3110302,보문역 8번,제과점,음식·카페,카페·베이커리,134212640.0,195779.0,25937957.0,31484869.0,26881419.0,36401205.0,13311411.0,426390.0,18447789.0,23266955.0,17797874.0,33347412.0,25105115.0,3,0,0
3110302,보문역 8번,자동차수리,자동차·운송,자동차,128495397.0,0.0,18902741.0,43680907.0,27981724.0,37930025.0,0.0,0.0,1847875.0,12630676.0,24189169.0,41001034.0,28149023.0,3,0,0
3110302,보문역 8번,커피-음료,음식·카페,카페·베이커리,87807156.0,0.0,9745055.0,23167014.0,25069541.0,18672763.0,11152783.0,148727.0,11557162.0,21675153.0,12855846.0,20807041.0,20763227.0,7,0,0
3110302,보문역 8번,세탁소,생활서비스,세탁·수선,83814059.0,198676.0,5917892.0,25689574.0,30667577.0,15212352.0,6127988.0,0.0,11847641.0,22057899.0,17381316.0,29072222.0,3454981.0,3,0,0
3110302,보문역 8번,중식음식점,음식·카페,일반음식점,79061972.0,0.0,49000.0,33208382.0,16436263.0,29368327.0,0.0,50497.0,8978354.0,21281846.0,14368536.0,15549223.0,11892186.0,3,0,0
3110302,보문역 8번,일반교습학원,교육,일반교육,75392489.0,0.0,0.0,26901812.0,18990537.0,24040823.0,5459317.0,0.0,0.0,0.0,47849727.0,27542762.0,0.0,4,0,0
3110302,보문역 8번,철물점,쇼핑·소매,생활용품,72000000.0,0.0,24428062.0,25506507.0,19762256.0,2303175.0,0.0,0.0,107350.0,5489183.0,7545794.0,14160399.0,15232139.0,4,0,0
3110302,보문역 8번,분식전문점,음식·카페,일반음식점,38615436.0,0.0,10972879.0,12687680.0,6676141.0,7879292.0,399444.0,80290.0,7358408.0,4436844.0,4666674.0,4290114.0,10057569.0,4,0,0
3110302,보문역 8번,미용실,뷰티·헬스,헤어·네일,36849337.0,0.0,386637.0,9117728.0,14572497.0,12540492.0,231983.0,72993.0,1264162.0,3541130.0,10387756.0,12187089.0,9396207.0,11,9,1
3110302,보문역 8번,슈퍼마켓,쇼핑·소매,식품판매,24057660.0,0.0,2463135.0,4550565.0,2836077.0,12357116.0,1850767.0,0.0,761207.0,572578.0,1203377.0,12746092.0,8774406.0,5,0,0
3110302,보문역 8번,피부관리실,뷰티·헬스,피부·뷰티,13784906.0,0.0,6377358.0,0.0,1618868.0,883019.0,4905661.0,0.0,294340.0,804528.0,7780377.0,4905661.0,0.0,3,0,0
3110302,보문역 8번,전자상거래업,쇼핑·소매,전자·통신,,,,,,,,,,,,,,9,0,0
3110302,보문역 8번,주유소,자동차·운송,주유,,,,,,,,,,,,,,1,0,0
3110302,보문역 8번,예술품,쇼핑·소매,취미·문화,,,,,,,,,,,,,,1,0,0
3110302,보문역 8번,모터사이클및부품,자동차·운송,모터사이클,,,,,,,,,,,,,,1,0,0
3110302,보문역 8번,인테리어,쇼핑·소매,생활용품,,,,,,,,,,,,,,1,0,0
3110302,보문역 8번,가전제품,쇼핑·소매,생활용품,,,,,,,,,,,,,,1,0,0
3110302,보문역 8번,가구,쇼핑·소매,생활용품,,,,,,,,,,,,,,1,0,0
3110302,보문역 8번,애완동물,쇼핑·소매,취미·문화,,,,,,,,,,,,,,1,0,0
3110302,보문역 8번,화초,쇼핑·소매,생활용품,,,,,,,,,,,,,,4,0,0
3110302,보문역 8번,섬유제품,쇼핑·소매,패션·잡화,,,,,,,,,,,,,,2,0,0
3110302,보문역 8번,자전거 및 기타운송장비,쇼핑·소매,취미·문화,,,,,,,,,,,,,,1,0,0
3110302,보문역 8번,미용재료,뷰티·헬스,피부·뷰티,,,,,,,,,,,,,,2,0,0
3110302,보문역 8번,화장품,쇼핑·소매,생활용품,,,,,,,,,,,,,,1,0,0
3110302,보문역 8번,의료기기,의료,의료용품,,,,,,,,,,,,,,1,0,0
3110302,보문역 8번,의약품,의료,의료용품,,,,,,,,,,,,,,2,0,0
3110302,보문역 8번,신발,쇼핑·소매,패션·잡화,,,,,,,,,,,,,,2,0,0
3110302,보문역 8번,일반의류,쇼핑·소매,패션·잡화,,,,,,,,,,,,,,8,0,0
3110302,보문역 8번,반찬가게,쇼핑·소매,식품판매,,,,,,,,,,,,,,1,0,0
3110302,보문역 8번,수산물판매,쇼핑·소매,식품판매,,,,,,,,,,,,,,1,0,0
3110302,보문역 8번,핸드폰,쇼핑·소매,전자·통신,,,,,,,,,,,,,,2,0,0
3110302,보문역 8번,편의점,쇼핑·소매,식품판매,,,,,,,,,,,,,,1,0,0
3110302,보문역 8번,건축물청소,전문서비스,건물관리,,,,,,,,,,,,,,1,0,0
3110302,보문역 8번,통번역서비스,전문서비스,번역·사무,,,,,,,,,,,,,,1,0,0
3110302,보문역 8번,사진관,생활서비스,기타생활서비스,,,,,,,,,,,,,,2,0,0
3110302,보문역 8번,녹음실,여가·엔터테인먼트,오락시설,,,,,,,,,,,,,,1,0,0
3110302,보문역 8번,노래방,여가·엔터테인먼트,오락시설,,,,,,,,,,,,,,1,0,0
3110302,보문역 8번,부동산중개업,생활서비스,부동산,,,,,,,,,,,,,,8,0,0
3110302,보문역 8번,가전제품수리,생활서비스,세탁·수선,,,,,,,,,,,,,,2,0,0
3110302,보문역 8번,네일숍,뷰티·헬스,헤어·네일,,,,,,,,,,,,,,2,0,0
3110302,보문역 8번,모터사이클수리,자동차·운송,모터사이클,,,,,,,,,,,,,,1,0,0
3110302,보문역 8번,복권방,여가·엔터테인먼트,오락시설,,,,,,,,,,,,,,1,0,0
3110302,보문역 8번,기타오락장,여가·엔터테인먼트,오락시설,,,,,,,,,,,,,,1,0,0
3110302,보문역 8번,당구장,여가·엔터테인먼트,오락시설,,,,,,,,,,,,,,1,0,0
3110302,보문역 8번,세무사사무소,전문서비스,법률·세무,,,,,,,,,,,,,,1,0,0
3110302,보문역 8번,기타법무서비스,전문서비스,법률·세무,,,,,,,,,,,,,,1,0,0
3110302,보문역 8번,동물병원,의료,동물병원,,,,,,,,,,,,,,1,0,0
3110302,보문역 8번,한의원,의료,한방,,,,,,,,,,,,,,2,50,1
3110302,보문역 8번,치과의원,의료,치과,,,,,,,,,,,,,,1,0,0
3110302,보문역 8번,스포츠 강습,뷰티·헬스,운동,,,,,,,,,,,,,,1,0,0
3110302,보문역 8번,치킨전문점,음식·카페,일반음식점,,,,,,,,,,,,,,1,0,0
3110302,보문역 8번,패스트푸드점,음식·카페,일반음식점,,,,,,,,,,,,,,1,0,0
3110302,보문역 8번,일식음식점,음식·카페,일반음식점,,,,,,,,,,,,,,1,0,0
3110303,성신여대입구역 1번,호프-간이주점,음식·카페,주점,922269500.0,219266810.0,2051991.0,0.0,0.0,117109687.0,583841012.0,6693759.0,497280766.0,182308934.0,93378014.0,101878358.0,31824929.0,4,0,0
3110303,성신여대입구역 1번,편의점,쇼핑·소매,식품판매,309983382.0,41585869.0,37475662.0,28899762.0,44074738.0,89297852.0,68649499.0,4665438.0,63577798.0,77370417.0,51284448.0,83209393.0,29875888.0,5,0,0
3110303,성신여대입구역 1번,한식음식점,음식·카페,일반음식점,239734483.0,2412614.0,6603702.0,85506707.0,28336193.0,91038676.0,25836591.0,263343.0,32676134.0,39610412.0,29931040.0,56289108.0,58923152.0,10,0,0
3110303,성신여대입구역 1번,일반의류,쇼핑·소매,패션·잡화,179064631.0,0.0,0.0,26415105.0,80120880.0,72528646.0,0.0,0.0,11158655.0,122345883.0,34210780.0,5595475.0,5753838.0,7,14,1
3110303,성신여대입구역 1번,미용실,뷰티·헬스,헤어·네일,140659316.0,0.0,1230744.0,35527633.0,40326930.0,57814477.0,5759532.0,182340.0,40762853.0,41669055.0,29827793.0,20301429.0,7915846.0,13,0,0
3110303,성신여대입구역 1번,슈퍼마켓,쇼핑·소매,식품판매,126027019.0,0.0,10422622.0,17624386.0,24093414.0,55495336.0,18391261.0,825553.0,22922105.0,23384728.0,19953006.0,35056360.0,23885267.0,3,0,0
3110303,성신여대입구역 1번,스포츠 강습,뷰티·헬스,운동,43151965.0,0.0,4899629.0,11308377.0,18297555.0,8646404.0,0.0,0.0,20655300.0,10087473.0,0.0,12409192.0,0.0,3,33,1
3110303,성신여대입구역 1번,커피-음료,음식·카페,카페·베이커리,33017788.0,814391.0,96680.0,8899895.0,9848343.0,10689296.0,2669183.0,190008.0,11217185.0,3993500.0,6437282.0,3645323.0,4118264.0,18,0,0
3110303,성신여대입구역 1번,피부관리실,뷰티·헬스,피부·뷰티,31970178.0,0.0,0.0,9919246.0,9029370.0,13021562.0,0.0,0.0,10556036.0,2947200.0,10547873.0,3020676.0,4898393.0,4,0,0
3110303,성신여대입구역 1번,일식음식점,음식·카페,일반음식점,30000000.0,0.0,0.0,7634000.0,7407523.0,13527230.0,1431247.0,706151.0,12621778.0,8607638.0,1621939.0,3780712.0,1577383.0,4,0,0
3110303,성신여대입구역 1번,세탁소,생활서비스,세탁·수선,29242190.0,890090.0,2982711.0,4217938.0,8308719.0,8649014.0,4193718.0,102725.0,9796144.0,12230177.0,3766227.0,3346917.0,0.0,4,0,0
3110303,성신여대입구역 1번,전자상거래업,쇼핑·소매,전자·통신,,,,,,,,,,,,,,9,0,0
3110303,성신여대입구역 1번,조명용품,쇼핑·소매,생활용품,,,,,,,,,,,,,,2,0,0
3110303,성신여대입구역 1번,인테리어,쇼핑·소매,생활용품,,,,,,,,,,,,,,1,0,0
3110303,성신여대입구역 1번,철물점,쇼핑·소매,생활용품,,,,,,,,,,,,,,2,0,0
3110303,성신여대입구역 1번,애완동물,쇼핑·소매,취미·문화,,,,,,,,,,,,,,2,0,0
3110303,성신여대입구역 1번,화초,쇼핑·소매,생활용품,,,,,,,,,,,,,,2,0,0
3110303,성신여대입구역 1번,운동/경기용품,쇼핑·소매,취미·문화,,,,,,,,,,,,,,1,0,0
3110303,성신여대입구역 1번,미용재료,뷰티·헬스,피부·뷰티,,,,,,,,,,,,,,1,0,0
3110303,성신여대입구역 1번,화장품,쇼핑·소매,생활용품,,,,,,,,,,,,,,2,0,0
3110303,성신여대입구역 1번,문구,쇼핑·소매,생활용품,,,,,,,,,,,,,,1,0,0
3110303,성신여대입구역 1번,서적,쇼핑·소매,취미·문화,,,,,,,,,,,,,,1,0,0
3110303,성신여대입구역 1번,의료기기,의료,의료용품,,,,,,,,,,,,,,1,0,0
3110303,성신여대입구역 1번,안경,의료,의료용품,,,,,,,,,,,,,,1,0,0
3110303,성신여대입구역 1번,유아의류,쇼핑·소매,패션·잡화,,,,,,,,,,,,,,1,0,0
3110303,성신여대입구역 1번,반찬가게,쇼핑·소매,식품판매,,,,,,,,,,,,,,3,0,0
3110303,성신여대입구역 1번,핸드폰,쇼핑·소매,전자·통신,,,,,,,,,,,,,,1,0,0
3110303,성신여대입구역 1번,컴퓨터및주변장치판매,쇼핑·소매,전자·통신,,,,,,,,,,,,,,1,0,0
3110303,성신여대입구역 1번,여행사,숙박·여행,여행업,,,,,,,,,,,,,,1,0,0
3110303,성신여대입구역 1번,건축물청소,전문서비스,건물관리,,,,,,,,,,,,,,2,0,0
3110303,성신여대입구역 1번,사진관,생활서비스,기타생활서비스,,,,,,,,,,,,,,1,0,0
3110303,성신여대입구역 1번,독서실,여가·엔터테인먼트,학습공간,,,,,,,,,,,,,,3,0,0
3110303,성신여대입구역 1번,노래방,여가·엔터테인먼트,오락시설,,,,,,,,,,,,,,1,0,0
3110303,성신여대입구역 1번,부동산중개업,생활서비스,부동산,,,,,,,,,,,,,,10,0,0
3110303,성신여대입구역 1번,가전제품수리,생활서비스,세탁·수선,,,,,,,,,,,,,,1,100,1
3110303,성신여대입구역 1번,네일숍,뷰티·헬스,헤어·네일,,,,,,,,,,,,,,1,0,0
3110303,성신여대입구역 1번,스포츠클럽,뷰티·헬스,운동,,,,,,,,,,,,,,1,0,0
3110303,성신여대입구역 1번,당구장,여가·엔터테인먼트,오락시설,,,,,,,,,,,,,,2,0,0
3110303,성신여대입구역 1번,기타법무서비스,전문서비스,법률·세무,,,,,,,,,,,,,,1,0,0
3110303,성신여대입구역 1번,일반의원,의료,병원,,,,,,,,,,,,,,1,0,0
3110303,성신여대입구역 1번,예술학원,교육,예체능교육,,,,,,,,,,,,,,1,0,0
3110303,성신여대입구역 1번,일반교습학원,교육,일반교육,,,,,,,,,,,,,,9,0,0
3110303,성신여대입구역 1번,분식전문점,음식·카페,일반음식점,,,,,,,,,,,,,,6,0,0
3110303,성신여대입구역 1번,치킨전문점,음식·카페,일반음식점,,,,,,,,,,,,,,1,0,0
3110303,성신여대입구역 1번,패스트푸드점,음식·카페,일반음식점,,,,,,,,,,,,,,2,0,0
3110303,성신여대입구역 1번,제과점,음식·카페,카페·베이커리,,,,,,,,,,,,,,4,0,0
3110303,성신여대입구역 1번,양식음식점,음식·카페,일반음식점,,,,,,,,,,,,,,1,0,0
